NCBI taxonomy ID,Domain,Phylum,Class,Order,Family,Genus,Species
32049,Bacteria,Cyanobacteria,undef,Chroococcales,undef,Synechococcus,Synechococcus sp. PCC 7002
32051,Bacteria,Cyanobacteria,undef,Chroococcales,undef,Synechococcus,Synechococcus sp. WH 7803
43989,Bacteria,Cyanobacteria,undef,Chroococcales,undef,Cyanothece,Cyanothece sp. ATCC 51142
50743,Bacteria,Bacteroidetes,undef,undef,undef,undef,unidentified eubacterium SCB49
52598,Bacteria,Proteobacteria,Alphaproteobacteria,Rhodobacterales,Rhodobacteraceae,Sulfitobacter,Sulfitobacter sp. EE-36
58051,Bacteria,Proteobacteria,Gammaproteobacteria,Alteromonadales,Moritellaceae,Moritella,Moritella sp. PE36
59919,Bacteria,Cyanobacteria,undef,Prochlorales,Prochlorococcaceae,Prochlorococcus,Prochlorococcus marinus
59920,Bacteria,Cyanobacteria,undef,Prochlorales,Prochlorococcaceae,Prochlorococcus,Prochlorococcus marinus
59922,Bacteria,Cyanobacteria,undef,Prochlorales,Prochlorococcaceae,Prochlorococcus,Prochlorococcus marinus
59931,Bacteria,Cyanobacteria,undef,Chroococcales,undef,Synechococcus,Synechococcus sp. WH 7805
60480,Bacteria,Proteobacteria,Gammaproteobacteria,Alteromonadales,Shewanellaceae,Shewanella,Shewanella sp. MR-4
60481,Bacteria,Proteobacteria,Gammaproteobacteria,Alteromonadales,Shewanellaceae,Shewanella,Shewanella sp. MR-7
62977,Bacteria,Proteobacteria,Gammaproteobacteria,Pseudomonadales,Moraxellaceae,Acinetobacter,Acinetobacter sp. ADP1
64091,Archaea,Euryarchaeota,Halobacteria,Halobacteriales,Halobacteriaceae,Halobacterium,Halobacterium salinarum
64471,Bacteria,Cyanobacteria,undef,Chroococcales,undef,Synechococcus,Synechococcus sp. CC9311
69042,Bacteria,Cyanobacteria,undef,Chroococcales,undef,Synechococcus,Synechococcus sp. WH 5701
74546,Bacteria,Cyanobacteria,undef,Prochlorales,Prochlorococcaceae,Prochlorococcus,Prochlorococcus marinus
74547,Bacteria,Cyanobacteria,undef,Prochlorales,Prochlorococcaceae,Prochlorococcus,Prochlorococcus marinus
84588,Bacteria,Cyanobacteria,undef,Chroococcales,undef,Synechococcus,Synechococcus sp. WH 8102
87626,Bacteria,Proteobacteria,Gammaproteobacteria,Alteromonadales,Pseudoalteromonadaceae,Pseudoalteromonas,Pseudoalteromonas tunicata
89187,Bacteria,Proteobacteria,Alphaproteobacteria,Rhodobacterales,Rhodobacteraceae,Roseovarius,Roseovarius nubinhibens
91464,Bacteria,Cyanobacteria,undef,Chroococcales,undef,Synechococcus,Synechococcus sp. PCC 7335
93058,Bacteria,Cyanobacteria,undef,Prochlorales,Prochlorococcaceae,Prochlorococcus,Prochlorococcus marinus
93059,Bacteria,Cyanobacteria,undef,Prochlorales,Prochlorococcaceae,Prochlorococcus,Prochlorococcus marinus
93060,Bacteria,Cyanobacteria,undef,Prochlorales,Prochlorococcaceae,Prochlorococcus,Prochlorococcus marinus
96563,Bacteria,Proteobacteria,Gammaproteobacteria,Pseudomonadales,Pseudomonadaceae,Pseudomonas,Pseudomonas stutzeri
105559,Bacteria,Proteobacteria,Gammaproteobacteria,Chromatiales,Chromatiaceae,Nitrosococcus,Nitrosococcus watsonii
110662,Bacteria,Cyanobacteria,undef,Chroococcales,undef,Synechococcus,Synechococcus sp. CC9605
118168,Bacteria,Cyanobacteria,undef,Oscillatoriales,undef,Coleofasciculus,Coleofasciculus chthonoplastes
121723,Bacteria,Proteobacteria,Gammaproteobacteria,Vibrionales,Vibrionaceae,Photobacterium,Photobacterium sp. SKA34
123214,Bacteria,Aquificae,Aquificae,Aquificales,Hydrogenothermaceae,Persephonella,Persephonella marina
146891,Bacteria,Cyanobacteria,undef,Prochlorales,Prochlorococcaceae,Prochlorococcus,Prochlorococcus marinus
150340,Bacteria,Proteobacteria,Gammaproteobacteria,Vibrionales,Vibrionaceae,Vibrio,Vibrio sp. Ex25
156578,Bacteria,Proteobacteria,Gammaproteobacteria,Alteromonadales,undef,undef,Alteromonadales bacterium TW-7
156586,Bacteria,Bacteroidetes,Flavobacteriia,undef,undef,undef,Flavobacteria bacterium BBFL7
156889,Bacteria,Proteobacteria,Alphaproteobacteria,Magnetococcales,Magnetococcaceae,Magnetococcus,Magnetococcus marinus
161528,Bacteria,Proteobacteria,Alphaproteobacteria,Sphingomonadales,Erythrobacteraceae,Erythrobacter,Erythrobacter sp. SD-21
166314,Bacteria,Cyanobacteria,undef,Chroococcales,undef,Synechococcus,Synechococcus sp. WH 8109
166318,Bacteria,Cyanobacteria,undef,Chroococcales,undef,Synechococcus,Synechococcus sp. WH 8016
167539,Bacteria,Cyanobacteria,undef,Prochlorales,Prochlorococcaceae,Prochlorococcus,Prochlorococcus marinus
167542,Bacteria,Cyanobacteria,undef,Prochlorales,Prochlorococcaceae,Prochlorococcus,Prochlorococcus marinus
167546,Bacteria,Cyanobacteria,undef,Prochlorales,Prochlorococcaceae,Prochlorococcus,Prochlorococcus marinus
167555,Bacteria,Cyanobacteria,undef,Prochlorales,Prochlorococcaceae,Prochlorococcus,Prochlorococcus marinus
177437,Bacteria,Proteobacteria,Deltaproteobacteria,Desulfobacterales,Desulfobacteraceae,Desulfobacterium,Desulfobacterium autotrophicum
177439,Bacteria,Proteobacteria,Deltaproteobacteria,Desulfobacterales,Desulfobulbaceae,Desulfotalea,Desulfotalea psychrophila
180281,Bacteria,Cyanobacteria,undef,Chroococcales,undef,Cyanobium,Cyanobium sp. PCC 7001
190650,Bacteria,Proteobacteria,Alphaproteobacteria,Caulobacterales,Caulobacteraceae,Caulobacter,Caulobacter vibrioides
195250,Bacteria,Cyanobacteria,undef,Chroococcales,undef,Synechococcus,Synechococcus sp. PCC 7336
203124,Bacteria,Cyanobacteria,undef,Oscillatoriales,undef,Trichodesmium,Trichodesmium erythraeum
207949,Bacteria,Proteobacteria,Gammaproteobacteria,Oceanospirillales,Oceanospirillaceae,Bermanella,Bermanella marisrubri
207954,Bacteria,Proteobacteria,Gammaproteobacteria,Oceanospirillales,Oceanospirillaceae,Neptuniibacter,Neptuniibacter caesariensis
208596,Bacteria,Firmicutes,Bacilli,Lactobacillales,Carnobacteriaceae,Carnobacterium,Carnobacterium sp. 17-4
216432,Bacteria,Bacteroidetes,Flavobacteriia,Flavobacteriales,Flavobacteriaceae,Croceibacter,Croceibacter atlanticus
221109,Bacteria,Firmicutes,Bacilli,Bacillales,Bacillaceae,Oceanobacillus,Oceanobacillus iheyensis
221359,Bacteria,Cyanobacteria,undef,Chroococcales,undef,Synechococcus,Synechococcus sp. RS9916
221360,Bacteria,Cyanobacteria,undef,Chroococcales,undef,Synechococcus,Synechococcus sp. RS9917
224324,Bacteria,Aquificae,Aquificae,Aquificales,Aquificaceae,Aquifex,Aquifex aeolicus
225849,Bacteria,Proteobacteria,Gammaproteobacteria,Alteromonadales,Shewanellaceae,Shewanella,Shewanella piezotolerans
225937,Bacteria,Proteobacteria,Gammaproteobacteria,Alteromonadales,Alteromonadaceae,Marinobacter,Marinobacter adhaerens
228405,Bacteria,Proteobacteria,Alphaproteobacteria,Rhodobacterales,Hyphomonadaceae,Hyphomonas,Hyphomonas neptunium
232348,Bacteria,Cyanobacteria,undef,Chroococcales,undef,Synechococcus,Synechococcus sp. CB0101
232363,Bacteria,Cyanobacteria,undef,Chroococcales,undef,Synechococcus,Synechococcus sp. CB0205
234621,Bacteria,Actinobacteria,Actinobacteria,Actinomycetales,Nocardiaceae,Rhodococcus,Rhodococcus erythropolis
234831,Bacteria,Proteobacteria,Gammaproteobacteria,Alteromonadales,Pseudoalteromonadaceae,Pseudoalteromonas,Pseudoalteromonas sp. SM9913
235909,Bacteria,Firmicutes,Bacilli,Bacillales,Bacillaceae,Geobacillus,Geobacillus kaustophilus
236097,Bacteria,Proteobacteria,Gammaproteobacteria,Oceanospirillales,Alcanivoracaceae,Alcanivorax,Alcanivorax sp. DG881
237727,Bacteria,Proteobacteria,Alphaproteobacteria,Sphingomonadales,Erythrobacteraceae,Erythrobacter,Erythrobacter sp. NAP1
243090,Bacteria,Planctomycetes,Planctomycetia,Planctomycetales,Planctomycetaceae,Rhodopirellula,Rhodopirellula baltica
243274,Bacteria,Thermotogae,Thermotogae,Thermotogales,Thermotogaceae,Thermotoga,Thermotoga maritima
244592,Bacteria,Proteobacteria,Alphaproteobacteria,Rhodobacterales,Rhodobacteraceae,Labrenzia,Labrenzia alexandrii
246969,Archaea,Euryarchaeota,Thermococci,Thermococcales,Thermococcaceae,Thermococcus,Thermococcus sp. AM4
247633,Bacteria,Proteobacteria,Gammaproteobacteria,undef,undef,undef,marine gamma proteobacterium HTCC2143
247634,Bacteria,Proteobacteria,Gammaproteobacteria,undef,undef,undef,marine gamma proteobacterium HTCC2148
247639,Bacteria,Proteobacteria,Gammaproteobacteria,undef,undef,undef,marine gamma proteobacterium HTCC2080
252305,Bacteria,Proteobacteria,Alphaproteobacteria,Rhodobacterales,Rhodobacteraceae,Oceanicola,Oceanicola batsensis
263358,Bacteria,Actinobacteria,Actinobacteria,Actinomycetales,Micromonosporaceae,Verrucosispora,Verrucosispora maris
269798,Bacteria,Bacteroidetes,Cytophagia,Cytophagales,Cytophagaceae,Cytophaga,Cytophaga hutchinsonii
270374,Bacteria,Proteobacteria,Gammaproteobacteria,Alteromonadales,Alteromonadaceae,Marinobacter,Marinobacter sp. ELB17
283942,Bacteria,Proteobacteria,Gammaproteobacteria,Alteromonadales,Idiomarinaceae,Idiomarina,Idiomarina loihiensis
287752,Bacteria,Proteobacteria,Alphaproteobacteria,Rhizobiales,Aurantimonadaceae,Aurantimonas,Aurantimonas manganoxydans
288000,Bacteria,Proteobacteria,Alphaproteobacteria,Rhizobiales,Bradyrhizobiaceae,Bradyrhizobium,Bradyrhizobium sp. BTAi1
290398,Bacteria,Proteobacteria,Gammaproteobacteria,Oceanospirillales,Halomonadaceae,Chromohalobacter,Chromohalobacter salexigens
290400,Bacteria,Proteobacteria,Alphaproteobacteria,Rhodobacterales,Rhodobacteraceae,Jannaschia,Jannaschia sp. CCS1
292414,Bacteria,Proteobacteria,Alphaproteobacteria,Rhodobacterales,Rhodobacteraceae,Ruegeria,Ruegeria sp. TM1040
298386,Bacteria,Proteobacteria,Gammaproteobacteria,Vibrionales,Vibrionaceae,Photobacterium,Photobacterium profundum
298701,Bacteria,Proteobacteria,Deltaproteobacteria,Desulfovibrionales,Desulfovibrionaceae,Desulfovibrio,Desulfovibrio sp. A2
309800,Archaea,Euryarchaeota,Halobacteria,Halobacteriales,Halobacteriaceae,Haloferax,Haloferax volcanii
312153,Bacteria,Proteobacteria,Betaproteobacteria,Burkholderiales,Burkholderiaceae,Polynucleobacter,Polynucleobacter necessarius
312284,Bacteria,Actinobacteria,Actinobacteria,undef,undef,undef,marine actinobacterium PHSC20C1
313589,Bacteria,Actinobacteria,Actinobacteria,Actinomycetales,Intrasporangiaceae,Janibacter,Janibacter sp. HTCC2649
313590,Bacteria,Bacteroidetes,Flavobacteriia,Flavobacteriales,Flavobacteriaceae,Dokdonia,Dokdonia donghaensis
313594,Bacteria,Bacteroidetes,Flavobacteriia,Flavobacteriales,Flavobacteriaceae,Polaribacter,Polaribacter irgensii
313595,Bacteria,Bacteroidetes,Flavobacteriia,Flavobacteriales,Flavobacteriaceae,Psychroflexus,Psychroflexus torquis
313596,Bacteria,Bacteroidetes,Flavobacteriia,Flavobacteriales,Flavobacteriaceae,Robiginitalea,Robiginitalea biformata
313598,Bacteria,Bacteroidetes,Flavobacteriia,Flavobacteriales,Flavobacteriaceae,Polaribacter,Polaribacter sp. MED152
313603,Bacteria,Bacteroidetes,Flavobacteriia,Flavobacteriales,Flavobacteriaceae,Maribacter,Maribacter sp. HTCC2170
313606,Bacteria,Bacteroidetes,Cytophagia,Cytophagales,Cytophagaceae,Microscilla,Microscilla marina
313612,Bacteria,Cyanobacteria,undef,Oscillatoriales,undef,Lyngbya,Lyngbya sp. PCC 8106
313624,Bacteria,Cyanobacteria,undef,Nostocales,Nostocaceae,Nodularia,Nodularia spumigena
313625,Bacteria,Cyanobacteria,undef,Chroococcales,undef,Synechococcus,Synechococcus sp. BL107
313627,Bacteria,Firmicutes,Bacilli,Bacillales,Bacillaceae,Bacillus,Bacillus sp. NRRL B-14911
313628,Bacteria,Lentisphaerae,Lentisphaeria,Lentisphaerales,Lentisphaeraceae,Lentisphaera,Lentisphaera araneosa
314225,Bacteria,Proteobacteria,Alphaproteobacteria,Sphingomonadales,Erythrobacteraceae,Erythrobacter,Erythrobacter litoralis
314230,Bacteria,Planctomycetes,Planctomycetia,Planctomycetales,Planctomycetaceae,Blastopirellula,Blastopirellula marina
314231,Bacteria,Proteobacteria,Alphaproteobacteria,Rhizobiales,Aurantimonadaceae,Fulvimarina,Fulvimarina pelagi
314232,Bacteria,Proteobacteria,Alphaproteobacteria,Rhodobacterales,Rhodobacteraceae,Loktanella,Loktanella vestfoldensis
314253,Bacteria,Proteobacteria,Alphaproteobacteria,Rhizobiales,Bradyrhizobiaceae,Nitrobacter,Nitrobacter sp. Nb-311A
314254,Bacteria,Proteobacteria,Alphaproteobacteria,Rhodobacterales,Hyphomonadaceae,Oceanicaulis,Oceanicaulis sp. HTCC2633
314256,Bacteria,Proteobacteria,Alphaproteobacteria,Rhodobacterales,Rhodobacteraceae,Oceanicola,Oceanicola granulosus
314260,Bacteria,Proteobacteria,Alphaproteobacteria,Parvularculales,Parvularculaceae,Parvularcula,Parvularcula bermudensis
314261,Bacteria,Proteobacteria,Alphaproteobacteria,undef,undef,Candidatus Pelagibacter,Candidatus Pelagibacter ubique
314262,Bacteria,Proteobacteria,Alphaproteobacteria,Rhodobacterales,Rhodobacteraceae,Roseobacter,Roseobacter sp. MED193
314264,Bacteria,Proteobacteria,Alphaproteobacteria,Rhodobacterales,Rhodobacteraceae,Roseovarius,Roseovarius sp. 217
314265,Bacteria,Proteobacteria,Alphaproteobacteria,Rhodobacterales,Rhodobacteraceae,Pelagibaca,Pelagibaca bermudensis
314266,Bacteria,Proteobacteria,Alphaproteobacteria,Sphingomonadales,Sphingomonadaceae,Sphingomonas,Sphingomonas sp. SKA58
314267,Bacteria,Proteobacteria,Alphaproteobacteria,Rhodobacterales,Rhodobacteraceae,Sulfitobacter,Sulfitobacter sp. NAS-14.1
314270,Bacteria,Proteobacteria,Alphaproteobacteria,Rhodobacterales,Rhodobacteraceae,undef,Rhodobacteraceae bacterium HTCC2083
314271,Bacteria,Proteobacteria,Alphaproteobacteria,Rhodobacterales,Rhodobacteraceae,Maritimibacter,Maritimibacter alkaliphilus
314275,Bacteria,Proteobacteria,Gammaproteobacteria,Alteromonadales,Alteromonadaceae,Alteromonas,Alteromonas macleodii
314276,Bacteria,Proteobacteria,Gammaproteobacteria,Alteromonadales,Idiomarinaceae,Idiomarina,Idiomarina baltica
314277,Bacteria,Proteobacteria,Gammaproteobacteria,Oceanospirillales,Oceanospirillaceae,Marinomonas,Marinomonas sp. MED121
314278,Bacteria,Proteobacteria,Gammaproteobacteria,Chromatiales,Ectothiorhodospiraceae,Nitrococcus,Nitrococcus mobilis
314280,Bacteria,Proteobacteria,Gammaproteobacteria,Vibrionales,Vibrionaceae,Photobacterium,Photobacterium profundum
314282,Bacteria,Proteobacteria,Gammaproteobacteria,Alteromonadales,Psychromonadaceae,Psychromonas,Psychromonas sp. CNPT3
314283,Bacteria,Proteobacteria,Gammaproteobacteria,undef,undef,Reinekea,Reinekea blandensis
314285,Bacteria,Proteobacteria,Gammaproteobacteria,undef,undef,Congregibacter,Congregibacter litoralis
314287,Bacteria,Proteobacteria,Gammaproteobacteria,undef,undef,undef,gamma proteobacterium HTCC2207
314291,Bacteria,Proteobacteria,Gammaproteobacteria,Vibrionales,Vibrionaceae,Vibrio,Vibrio splendidus
314292,Bacteria,Proteobacteria,Gammaproteobacteria,Vibrionales,Vibrionaceae,Photobacterium,Photobacterium angustum
314345,Bacteria,Proteobacteria,Zetaproteobacteria,Mariprofundales,Mariprofundaceae,Mariprofundus,Mariprofundus ferrooxydans
314607,Bacteria,Proteobacteria,Betaproteobacteria,undef,undef,undef,beta proteobacterium KB13
314608,Bacteria,Proteobacteria,Gammaproteobacteria,Alteromonadales,Shewanellaceae,Shewanella,Shewanella benthica
316278,Bacteria,Cyanobacteria,undef,Chroococcales,undef,Synechococcus,Synechococcus sp. RCC307
316279,Bacteria,Cyanobacteria,undef,Chroococcales,undef,Synechococcus,Synechococcus sp. CC9902
317025,Bacteria,Proteobacteria,Gammaproteobacteria,Thiotrichales,Piscirickettsiaceae,Thiomicrospira,Thiomicrospira crunogena
317655,Bacteria,Proteobacteria,Alphaproteobacteria,Sphingomonadales,Sphingomonadaceae,Sphingopyxis,Sphingopyxis alaskensis
318161,Bacteria,Proteobacteria,Gammaproteobacteria,Alteromonadales,Shewanellaceae,Shewanella,Shewanella denitrificans
318167,Bacteria,Proteobacteria,Gammaproteobacteria,Alteromonadales,Shewanellaceae,Shewanella,Shewanella frigidimarina
323261,Bacteria,Proteobacteria,Gammaproteobacteria,Chromatiales,Chromatiaceae,Nitrosococcus,Nitrosococcus oceani
323850,Bacteria,Proteobacteria,Gammaproteobacteria,Alteromonadales,Shewanellaceae,Shewanella,Shewanella loihica
324925,Bacteria,Chlorobi,Chlorobia,Chlorobiales,Chlorobiaceae,Pelodictyon,Pelodictyon phaeoclathratiforme
325240,Bacteria,Proteobacteria,Gammaproteobacteria,Alteromonadales,Shewanellaceae,Shewanella,Shewanella baltica
326298,Bacteria,Proteobacteria,Epsilonproteobacteria,Campylobacterales,Helicobacteraceae,Sulfurimonas,Sulfurimonas denitrificans
326442,Bacteria,Proteobacteria,Gammaproteobacteria,Alteromonadales,Pseudoalteromonadaceae,Pseudoalteromonas,Pseudoalteromonas haloplanktis
327275,Bacteria,Proteobacteria,Gammaproteobacteria,Alteromonadales,Shewanellaceae,Shewanella,Shewanella sp. HN-41
329726,Bacteria,Cyanobacteria,undef,Chroococcales,undef,Acaryochloris,Acaryochloris marina
331678,Bacteria,Chlorobi,Chlorobia,Chlorobiales,Chlorobiaceae,Chlorobium,Chlorobium phaeobacteroides
331869,Bacteria,Proteobacteria,Alphaproteobacteria,undef,undef,undef,alpha proteobacterium BAL199
333990,Bacteria,Firmicutes,Bacilli,Lactobacillales,Carnobacteriaceae,Carnobacterium,Carnobacterium sp. AT7
335992,Bacteria,Proteobacteria,Alphaproteobacteria,undef,undef,Candidatus Pelagibacter,Candidatus Pelagibacter ubique
338187,Bacteria,Proteobacteria,Gammaproteobacteria,Vibrionales,Vibrionaceae,Vibrio,Vibrio campbellii
338963,Bacteria,Proteobacteria,Deltaproteobacteria,Desulfuromonadales,Pelobacteraceae,Pelobacter,Pelobacter carbinolicus
338966,Bacteria,Proteobacteria,Deltaproteobacteria,Desulfuromonadales,Pelobacteraceae,Pelobacter,Pelobacter propionicus
344747,Bacteria,Planctomycetes,Planctomycetia,Planctomycetales,Planctomycetaceae,Planctomyces,Planctomyces maris
345074,Bacteria,Proteobacteria,Gammaproteobacteria,Vibrionales,Vibrionaceae,Vibrio,Vibrio cholerae
349106,Bacteria,Proteobacteria,Gammaproteobacteria,Pseudomonadales,Moraxellaceae,Psychrobacter,Psychrobacter sp. PRwf-1
351016,Bacteria,Proteobacteria,Alphaproteobacteria,Rhodobacterales,Rhodobacteraceae,Roseobacter,Roseobacter sp. AzwK-3b
351348,Bacteria,Proteobacteria,Gammaproteobacteria,Alteromonadales,Alteromonadaceae,Marinobacter,Marinobacter hydrocarbonoclasticus
351745,Bacteria,Proteobacteria,Gammaproteobacteria,Alteromonadales,Shewanellaceae,Shewanella,Shewanella sp. W3-18-1
357804,Bacteria,Proteobacteria,Gammaproteobacteria,Alteromonadales,Psychromonadaceae,Psychromonas,Psychromonas ingrahamii
357808,Bacteria,Chloroflexi,Chloroflexi,Chloroflexales,Chloroflexaceae,Roseiflexus,Roseiflexus sp. RS-1
367336,Bacteria,Proteobacteria,Alphaproteobacteria,Rhodobacterales,undef,undef,Rhodobacterales bacterium HTCC2255
367737,Bacteria,Proteobacteria,Epsilonproteobacteria,Campylobacterales,Campylobacteraceae,Arcobacter,Arcobacter butzleri
369723,Bacteria,Actinobacteria,Actinobacteria,Actinomycetales,Micromonosporaceae,Salinispora,Salinispora tropica
373994,Bacteria,Cyanobacteria,undef,Nostocales,Rivulariaceae,Rivularia,Rivularia sp. PCC 7116
378753,Bacteria,Actinobacteria,Actinobacteria,Actinomycetales,Micrococcaceae,Kocuria,Kocuria rhizophila
382464,Bacteria,Verrucomicrobia,Verrucomicrobiae,Verrucomicrobiales,undef,undef,Verrucomicrobiae bacterium DG1235
383372,Bacteria,Chloroflexi,Chloroflexi,Chloroflexales,Chloroflexaceae,Roseiflexus,Roseiflexus castenholzii
383629,Bacteria,Proteobacteria,Alphaproteobacteria,Rhodobacterales,Rhodobacteraceae,Phaeobacter,Phaeobacter gallaeciensis
383631,Bacteria,Proteobacteria,Betaproteobacteria,Methylophilales,undef,undef,Methylophilales bacterium HTCC2181
384765,Bacteria,Proteobacteria,Alphaproteobacteria,Rhodobacterales,Rhodobacteraceae,Labrenzia,Labrenzia aggregata
387092,Bacteria,Proteobacteria,Epsilonproteobacteria,undef,undef,Nitratiruptor,Nitratiruptor sp. SB155-2
387093,Bacteria,Proteobacteria,Epsilonproteobacteria,undef,undef,Sulfurovum,Sulfurovum sp. NBC37-1
388396,Bacteria,Proteobacteria,Gammaproteobacteria,Vibrionales,Vibrionaceae,Aliivibrio,Aliivibrio fischeri
388399,Bacteria,Proteobacteria,Alphaproteobacteria,Rhodobacterales,Rhodobacteraceae,Sagittula,Sagittula stellata
388400,Bacteria,Firmicutes,Bacilli,Bacillales,Bacillaceae,Bacillus,Bacillus sp. B14905
388401,Bacteria,Proteobacteria,Alphaproteobacteria,Rhodobacterales,Rhodobacteraceae,undef,Rhodobacteraceae bacterium HTCC2150
388413,Bacteria,Bacteroidetes,Cytophagia,Cytophagales,Cyclobacteriaceae,Algoriphagus,Algoriphagus machipongonensis
388739,Bacteria,Proteobacteria,Alphaproteobacteria,Rhodobacterales,Rhodobacteraceae,Roseobacter,Roseobacter sp. SK209-2-6
391009,Bacteria,Thermotogae,Thermotogae,Thermotogales,Thermotogaceae,Thermosipho,Thermosipho melanesiensis
391037,Bacteria,Actinobacteria,Actinobacteria,Actinomycetales,Micromonosporaceae,Salinispora,Salinispora arenicola
391574,Bacteria,Proteobacteria,Gammaproteobacteria,Vibrionales,undef,undef,Vibrionales bacterium SWAT-3
391587,Bacteria,Bacteroidetes,Flavobacteriia,Flavobacteriales,Flavobacteriaceae,Kordia,Kordia algicida
391589,Bacteria,Proteobacteria,Alphaproteobacteria,Rhodobacterales,Rhodobacteraceae,Roseobacter,Roseobacter sp. GAI101
391591,Bacteria,Proteobacteria,Gammaproteobacteria,Vibrionales,Vibrionaceae,Vibrio,Vibrio shilonii
391592,Bacteria,Proteobacteria,Epsilonproteobacteria,Nautiliales,Nautiliaceae,Caminibacter,Caminibacter mediatlanticus
391593,Bacteria,Proteobacteria,Alphaproteobacteria,Rhodobacterales,Rhodobacteraceae,Roseobacter,Roseobacter sp. CCS2
391595,Bacteria,Proteobacteria,Alphaproteobacteria,Rhodobacterales,Rhodobacteraceae,Roseobacter,Roseobacter litoralis
391596,Bacteria,Bacteroidetes,Sphingobacteriia,Sphingobacteriales,Sphingobacteriaceae,Pedobacter,Pedobacter sp. BAL39
391597,Bacteria,Proteobacteria,Betaproteobacteria,Burkholderiales,Burkholderiaceae,Limnobacter,Limnobacter sp. MED105
391598,Bacteria,Bacteroidetes,Flavobacteriia,Flavobacteriales,undef,undef,Flavobacteria bacterium BAL38
391600,Bacteria,Proteobacteria,Alphaproteobacteria,Caulobacterales,Caulobacteraceae,Brevundimonas,Brevundimonas sp. BAL3
391601,Bacteria,Proteobacteria,Gammaproteobacteria,Xanthomonadales,Xanthomonadaceae,Stenotrophomonas,Stenotrophomonas sp. SKA14
391603,Bacteria,Bacteroidetes,Flavobacteriia,Flavobacteriales,undef,undef,Flavobacteriales bacterium ALC-1
391612,Bacteria,Cyanobacteria,undef,Chroococcales,undef,Cyanothece,Cyanothece sp. CCY0110
391613,Bacteria,Proteobacteria,Alphaproteobacteria,Rhodobacterales,Rhodobacteraceae,Roseovarius,Roseovarius sp. TM1035
391615,Bacteria,Proteobacteria,Gammaproteobacteria,undef,undef,undef,gamma proteobacterium HTCC5015
391616,Bacteria,Proteobacteria,Alphaproteobacteria,Rhodobacterales,Rhodobacteraceae,Octadecabacter,Octadecabacter arcticus
391619,Bacteria,Proteobacteria,Alphaproteobacteria,Rhodobacterales,Rhodobacteraceae,Phaeobacter,Phaeobacter inhibens
391623,Archaea,Euryarchaeota,Thermococci,Thermococcales,Thermococcaceae,Thermococcus,Thermococcus barophilus
391624,Bacteria,Proteobacteria,Alphaproteobacteria,Rhodobacterales,Rhodobacteraceae,Oceanibulbus,Oceanibulbus indolifex
391625,Bacteria,Proteobacteria,Deltaproteobacteria,Myxococcales,Nannocystaceae,Plesiocystis,Plesiocystis pacifica
391626,Bacteria,Proteobacteria,Alphaproteobacteria,Rhodobacterales,Rhodobacteraceae,Octadecabacter,Octadecabacter antarcticus
392500,Bacteria,Proteobacteria,Gammaproteobacteria,Alteromonadales,Shewanellaceae,Shewanella,Shewanella woodyi
393595,Bacteria,Proteobacteria,Gammaproteobacteria,Oceanospirillales,Alcanivoracaceae,Alcanivorax,Alcanivorax borkumensis
394221,Bacteria,Proteobacteria,Alphaproteobacteria,Rhodobacterales,Hyphomonadaceae,Maricaulis,Maricaulis maris
398720,Bacteria,Bacteroidetes,Flavobacteriia,Flavobacteriales,Flavobacteriaceae,Leeuwenhoekiella,Leeuwenhoekiella blandensis
399599,Bacteria,Proteobacteria,Gammaproteobacteria,Alteromonadales,Shewanellaceae,Shewanella,Shewanella baltica
399795,Bacteria,Proteobacteria,Betaproteobacteria,Burkholderiales,Comamonadaceae,Comamonas,Comamonas testosteroni
400668,Bacteria,Proteobacteria,Gammaproteobacteria,Oceanospirillales,Oceanospirillaceae,Marinomonas,Marinomonas sp. MWYL1
402882,Bacteria,Proteobacteria,Gammaproteobacteria,Alteromonadales,Shewanellaceae,Shewanella,Shewanella baltica
403833,Bacteria,Thermotogae,Thermotogae,Thermotogales,Thermotogaceae,Petrotoga,Petrotoga mobilis
407976,Bacteria,Proteobacteria,Gammaproteobacteria,Alteromonadales,Shewanellaceae,Shewanella,Shewanella baltica
411154,Bacteria,Bacteroidetes,Flavobacteriia,Flavobacteriales,Flavobacteriaceae,Gramella,Gramella forsetii
411684,Bacteria,Proteobacteria,Alphaproteobacteria,Rhizobiales,Phyllobacteriaceae,Hoeflea,Hoeflea phototrophica
413404,Bacteria,Proteobacteria,Gammaproteobacteria,undef,undef,undef,Candidatus Ruthia magnifica
425104,Bacteria,Proteobacteria,Gammaproteobacteria,Alteromonadales,Shewanellaceae,Shewanella,Shewanella sediminis
436308,Archaea,Thaumarchaeota,undef,Nitrosopumilales,Nitrosopumilaceae,Nitrosopumilus,Nitrosopumilus maritimus
439481,Archaea,Euryarchaeota,undef,undef,undef,Aciduliprofundum,Aciduliprofundum boonei
439483,Proteobacteria,delta/epsilon subdivisions,Epsilonproteobacteria,Campylobacterales,Helicobacteraceae,Sulfurimonas,Sulfurimonas gotlandica
439493,Bacteria,Proteobacteria,Alphaproteobacteria,undef,undef,Candidatus Pelagibacter,Candidatus Pelagibacter sp. HTCC7211
439495,Bacteria,Proteobacteria,Alphaproteobacteria,Rhodobacterales,Rhodobacteraceae,Pseudovibrio,Pseudovibrio sp. JE062
439496,Bacteria,Proteobacteria,Alphaproteobacteria,Rhodobacterales,undef,undef,Rhodobacterales bacterium Y4I
439497,Bacteria,Proteobacteria,Alphaproteobacteria,Rhodobacterales,Rhodobacteraceae,Ruegeria,Ruegeria sp. R11
443152,Bacteria,Proteobacteria,Gammaproteobacteria,Alteromonadales,Alteromonadaceae,Marinobacter,Marinobacter algicola
443254,Bacteria,Thermotogae,Thermotogae,Thermotogales,Thermotogaceae,Marinitoga,Marinitoga piezophila
455436,Bacteria,Proteobacteria,Gammaproteobacteria,Alteromonadales,Alteromonadaceae,Glaciecola,Glaciecola sp. HTCC2999
458817,Bacteria,Proteobacteria,Gammaproteobacteria,Alteromonadales,Shewanellaceae,Shewanella,Shewanella halifaxensis
467661,Bacteria,Proteobacteria,Alphaproteobacteria,Rhodobacterales,Rhodobacteraceae,undef,Rhodobacteraceae bacterium KLH11
467705,Bacteria,Firmicutes,Bacilli,Lactobacillales,Streptococcaceae,Streptococcus,Streptococcus gordonii
472759,Bacteria,Proteobacteria,Gammaproteobacteria,Chromatiales,Chromatiaceae,Nitrosococcus,Nitrosococcus halophilus
473788,Bacteria,Proteobacteria,Gammaproteobacteria,Chromatiales,Chromatiaceae,Nitrosococcus,Nitrosococcus oceani
478801,Bacteria,Actinobacteria,Actinobacteria,Actinomycetales,Dermacoccaceae,Kytococcus,Kytococcus sedentarius
483219,Bacteria,Proteobacteria,Deltaproteobacteria,Myxococcales,Myxococcaceae,Myxococcus,Myxococcus fulvus
484019,Bacteria,Thermotogae,Thermotogae,Thermotogales,Thermotogaceae,Thermosipho,Thermosipho africanus
485916,Bacteria,Firmicutes,Clostridia,Clostridiales,Peptococcaceae,Desulfotomaculum,Desulfotomaculum acetoxidans
487796,Bacteria,Bacteroidetes,Flavobacteriia,undef,undef,undef,Flavobacteria bacterium MS024-2A
487797,Bacteria,Bacteroidetes,Flavobacteriia,undef,undef,undef,Flavobacteria bacterium MS024-3C
488538,Bacteria,Proteobacteria,Alphaproteobacteria,undef,undef,Candidatus Puniceispirillum,Candidatus Puniceispirillum marinum
491952,Bacteria,Proteobacteria,Gammaproteobacteria,Oceanospirillales,Oceanospirillaceae,Marinomonas,Marinomonas posidonica
501479,Bacteria,Proteobacteria,Alphaproteobacteria,Rhodobacterales,Rhodobacteraceae,Citreicella,Citreicella sp. SE45
502025,Bacteria,Proteobacteria,Deltaproteobacteria,Myxococcales,Kofleriaceae,Haliangium,Haliangium ochraceum
508765,Bacteria,Firmicutes,Clostridia,Clostridiales,Clostridiaceae,Clostridium,Clostridium botulinum
517722,Bacteria,Proteobacteria,Alphaproteobacteria,Sphingomonadales,Sphingomonadaceae,Citromicrobium,Citromicrobium sp. JLT1363
518766,Bacteria,Bacteroidetes,undef,Bacteroidetes Order II. Incertae sedis,Rhodothermaceae,Rhodothermus,Rhodothermus marinus
521045,Bacteria,Thermotogae,Thermotogae,Thermotogales,Thermotogaceae,Kosmotoga,Kosmotoga olearia
521674,Bacteria,Planctomycetes,Planctomycetia,Planctomycetales,Planctomycetaceae,Planctomyces,Planctomyces limnophilus
522772,Bacteria,Deferribacteres,Deferribacteres,Deferribacterales,Deferribacteraceae,Denitrovibrio,Denitrovibrio acetiphilus
523791,Bacteria,Proteobacteria,Gammaproteobacteria,Oceanospirillales,Alcanivoracaceae,Kangiella,Kangiella koreensis
529120,Bacteria,Proteobacteria,Gammaproteobacteria,Alteromonadales,Alteromonadaceae,Alteromonas,Alteromonas macleodii
536232,Bacteria,Firmicutes,Clostridia,Clostridiales,Clostridiaceae,Clostridium,Clostridium botulinum
536233,Bacteria,Firmicutes,Clostridia,Clostridiales,Clostridiaceae,Clostridium,Clostridium botulinum
550540,Bacteria,Proteobacteria,Gammaproteobacteria,Alteromonadales,Ferrimonadaceae,Ferrimonas,Ferrimonas balearica
551275,Bacteria,Proteobacteria,Alphaproteobacteria,Rhodobacterales,Hyphomonadaceae,Hirschia,Hirschia maritima
551789,Bacteria,Proteobacteria,Alphaproteobacteria,Rhodobacterales,Hyphomonadaceae,undef,Ponticaulis koreensis
555079,Bacteria,Firmicutes,Clostridia,Thermoanaerobacterales,Thermoanaerobacterales Family III. Incertae Sedis,Thermosediminibacter,Thermosediminibacter oceani
557760,Bacteria,Proteobacteria,Alphaproteobacteria,Rhodobacterales,Rhodobacteraceae,Rhodobacter,Rhodobacter sphaeroides
563040,Bacteria,Proteobacteria,Epsilonproteobacteria,Campylobacterales,Helicobacteraceae,Sulfurimonas,Sulfurimonas autotrophica
565045,Bacteria,Proteobacteria,Gammaproteobacteria,undef,undef,Luminiphilus,Luminiphilus syltensis
565050,Bacteria,Proteobacteria,Alphaproteobacteria,Caulobacterales,Caulobacteraceae,Caulobacter,Caulobacter vibrioides
566466,Bacteria,Proteobacteria,Gammaproteobacteria,undef,undef,undef,gamma proteobacterium NOR5-3
572544,Bacteria,Fusobacteria,Fusobacteriia,Fusobacteriales,Fusobacteriaceae,Ilyobacter,Ilyobacter polytropus
574966,Bacteria,Proteobacteria,Gammaproteobacteria,Oceanospirillales,Halomonadaceae,Halomonas,Halomonas zhanjiangensis
575788,Bacteria,Proteobacteria,Gammaproteobacteria,Vibrionales,Vibrionaceae,Vibrio,Vibrio splendidus
577650,Bacteria,Proteobacteria,Deltaproteobacteria,Desulfobacterales,Desulfobulbaceae,Desulfobulbus,Desulfobulbus propionicus
582402,Bacteria,Proteobacteria,Alphaproteobacteria,Rhodobacterales,Hyphomonadaceae,Hirschia,Hirschia baltica
583355,Bacteria,Verrucomicrobia,Opitutae,Puniceicoccales,Puniceicoccaceae,Coraliomargarita,Coraliomargarita akajimensis
585531,Bacteria,Actinobacteria,Actinobacteria,Actinomycetales,Nocardioidaceae,Aeromicrobium,Aeromicrobium marinum
592027,Bacteria,Firmicutes,Clostridia,Clostridiales,Clostridiaceae,Clostridium,Clostridium botulinum
593590,Bacteria,Proteobacteria,Gammaproteobacteria,Vibrionales,Vibrionaceae,Vibrio,Vibrio cholerae
596152,Bacteria,Proteobacteria,Deltaproteobacteria,Desulfovibrionales,Desulfovibrionaceae,Desulfovibrio,Desulfovibrio sp. U5L
631362,Bacteria,Proteobacteria,Gammaproteobacteria,Chromatiales,Chromatiaceae,Thiorhodovibrio,Thiorhodovibrio sp. 970
633131,Bacteria,Proteobacteria,Alphaproteobacteria,Rhodobacterales,Rhodobacteraceae,Thalassobium,Thalassiobium sp. R2A62
637616,Bacteria,Proteobacteria,Gammaproteobacteria,Thiotrichales,Piscirickettsiaceae,Methylophaga,Methylophaga thiooxydans
637905,Bacteria,Proteobacteria,Gammaproteobacteria,Alteromonadales,Shewanellaceae,Shewanella,Shewanella violacea
639282,Bacteria,Deferribacteres,Deferribacteres,Deferribacterales,Deferribacteraceae,Deferribacter,Deferribacter desulfuricans
643562,Bacteria,Proteobacteria,Deltaproteobacteria,Desulfovibrionales,Desulfovibrionaceae,Desulfovibrio,Desulfovibrio aespoeensis
644076,Bacteria,Proteobacteria,Alphaproteobacteria,Rhodobacterales,Rhodobacteraceae,Ruegeria,Silicibacter sp. TrichCH4B
644107,Bacteria,Proteobacteria,Alphaproteobacteria,Rhodobacterales,Rhodobacteraceae,Ruegeria,Ruegeria lacuscaerulensis
644968,Bacteria,Proteobacteria,Deltaproteobacteria,Desulfovibrionales,Desulfovibrionaceae,Desulfovibrio,Desulfovibrio sp. FW1012B
645991,Bacteria,Firmicutes,Clostridia,Clostridiales,Peptococcaceae,Syntrophobotulus,Syntrophobotulus glycolicus
646529,Bacteria,Firmicutes,Clostridia,Clostridiales,Peptococcaceae,Desulfosporosinus,Desulfosporosinus acidiphilus
648996,Bacteria,Aquificae,Aquificae,Aquificales,Desulfurobacteriaceae,Thermovibrio,Thermovibrio ammonificans
655438,Bacteria,Proteobacteria,Gammaproteobacteria,Thiotrichales,Piscirickettsiaceae,Cycloclasticus,Cycloclasticus pugetii
655815,Bacteria,Bacteroidetes,Flavobacteriia,Flavobacteriales,Flavobacteriaceae,Zunongwangia,Zunongwangia profunda
665571,Bacteria,Spirochaetes,Spirochaetia,Spirochaetales,Spirochaetaceae,Spirochaeta,Spirochaeta thermophila
667014,Bacteria,Thermodesulfobacteria,Thermodesulfobacteria,Thermodesulfobacteriales,Thermodesulfobacteriaceae,Thermodesulfatator,Thermodesulfatator indicus
670487,Bacteria,Deinococcus-Thermus,Deinococci,Thermales,Thermaceae,Oceanithermus,Oceanithermus profundus
671076,Bacteria,Proteobacteria,Gammaproteobacteria,Vibrionales,Vibrionaceae,Vibrio,Vibrio mimicus
673519,Bacteria,Proteobacteria,Gammaproteobacteria,Vibrionales,Vibrionaceae,Vibrio,Vibrio harveyi
674977,Bacteria,Proteobacteria,Gammaproteobacteria,Vibrionales,Vibrionaceae,Vibrio,Vibrio alginolyticus
675806,Bacteria,Proteobacteria,Gammaproteobacteria,Vibrionales,Vibrionaceae,Vibrio,Vibrio mimicus
675810,Bacteria,Proteobacteria,Gammaproteobacteria,Vibrionales,Vibrionaceae,Vibrio,Vibrio sp. RC341
675811,Bacteria,Proteobacteria,Gammaproteobacteria,Vibrionales,Vibrionaceae,Vibrio,Vibrio furnissii
675812,Bacteria,Proteobacteria,Gammaproteobacteria,Vibrionales,Vibrionaceae,Grimontia,Grimontia hollisae
675813,Bacteria,Proteobacteria,Gammaproteobacteria,Vibrionales,Vibrionaceae,Vibrio,Vibrio metschnikovii
675814,Bacteria,Proteobacteria,Gammaproteobacteria,Vibrionales,Vibrionaceae,Vibrio,Vibrio coralliilyticus
675815,Bacteria,Proteobacteria,Gammaproteobacteria,Vibrionales,Vibrionaceae,Vibrio,Vibrio sp. RC586
675816,Bacteria,Proteobacteria,Gammaproteobacteria,Vibrionales,Vibrionaceae,Vibrio,Vibrio orientalis
675817,Bacteria,Proteobacteria,Gammaproteobacteria,Vibrionales,Vibrionaceae,Photobacterium,Photobacterium damselae
675820,Bacteria,Proteobacteria,Gammaproteobacteria,Vibrionales,Vibrionaceae,Vibrio,Vibrio mimicus
684719,Bacteria,Proteobacteria,Alphaproteobacteria,undef,undef,undef,alpha proteobacterium HIMB114
685035,Bacteria,Proteobacteria,Alphaproteobacteria,Sphingomonadales,Sphingomonadaceae,Citromicrobium,Citromicrobium bathyomarinum
690850,Bacteria,Proteobacteria,Deltaproteobacteria,Desulfovibrionales,Desulfovibrionaceae,Desulfovibrio,Desulfovibrio africanus
693970,Bacteria,Proteobacteria,Gammaproteobacteria,Alteromonadales,Shewanellaceae,Shewanella,Shewanella baltica
693971,Bacteria,Proteobacteria,Gammaproteobacteria,Alteromonadales,Shewanellaceae,Shewanella,Shewanella baltica
693972,Bacteria,Proteobacteria,Gammaproteobacteria,Alteromonadales,Shewanellaceae,Shewanella,Shewanella baltica
693974,Bacteria,Proteobacteria,Gammaproteobacteria,Alteromonadales,Shewanellaceae,Shewanella,Shewanella baltica
693982,Bacteria,Proteobacteria,Alphaproteobacteria,Rhizobiales,Rhizobiaceae,Sinorhizobium,Sinorhizobium meliloti
694433,Bacteria,Bacteroidetes,Sphingobacteriia,Sphingobacteriales,Saprospiraceae,Saprospira,Saprospira grandis
696281,Bacteria,Firmicutes,Clostridia,Clostridiales,Peptococcaceae,Desulfotomaculum,Desulfotomaculum ruminis
696369,Bacteria,Firmicutes,Clostridia,Clostridiales,Peptococcaceae,Desulfotomaculum,Desulfotomaculum nigrificans
713887,Bacteria,Cyanobacteria,undef,Chroococcales,undef,undef,cyanobacterium UCYN-A
715451,Bacteria,Proteobacteria,Gammaproteobacteria,Alteromonadales,Alteromonadaceae,Alteromonas,Alteromonas sp. SN2
717231,Bacteria,Deferribacteres,Deferribacteres,Deferribacterales,Deferribacteraceae,Flexistipes,Flexistipes sinusarabici
717608,Bacteria,Firmicutes,Clostridia,Clostridiales,Clostridiaceae,Clostridium,Clostridium saccharolyticum
717774,Bacteria,Proteobacteria,Gammaproteobacteria,Oceanospirillales,Oceanospirillaceae,Marinomonas,Marinomonas mediterranea
722419,Bacteria,Proteobacteria,Gammaproteobacteria,Alteromonadales,Pseudoalteromonadaceae,Pseudoalteromonas,Pseudoalteromonas haloplanktis
744979,Bacteria,Proteobacteria,Alphaproteobacteria,Rhodobacterales,Rhodobacteraceae,Ahrensia,Ahrensia sp. R2A130
744980,Bacteria,Proteobacteria,Alphaproteobacteria,Rhodobacterales,Rhodobacteraceae,Roseibium,Roseibium sp. TrichSKD4
744985,Bacteria,Proteobacteria,Alphaproteobacteria,undef,undef,undef,alpha proteobacterium HIMB59
745014,Bacteria,Proteobacteria,Gammaproteobacteria,undef,undef,undef,gamma proteobacterium HIMB55
746697,Bacteria,Bacteroidetes,Flavobacteriia,Flavobacteriales,Flavobacteriaceae,Aequorivita,Aequorivita sublithincola
749222,Bacteria,Proteobacteria,Epsilonproteobacteria,Campylobacterales,undef,Nitratifractor,Nitratifractor salsuginis
751994,Bacteria,Proteobacteria,Gammaproteobacteria,undef,undef,undef,gamma proteobacterium HIMB30
756272,Bacteria,Planctomycetes,Planctomycetia,Planctomycetales,Planctomycetaceae,Planctomyces,Planctomyces brasiliensis
760142,Bacteria,Proteobacteria,Deltaproteobacteria,Desulfurellales,Desulfurellaceae,Hippea,Hippea maritima
760568,Bacteria,Firmicutes,Clostridia,Clostridiales,Peptococcaceae,Desulfotomaculum,Desulfotomaculum kuznetsovii
762570,Bacteria,Bacteroidetes,undef,Bacteroidetes Order II. Incertae sedis,Rhodothermaceae,Rhodothermus,Rhodothermus marinus
765913,Bacteria,Proteobacteria,Gammaproteobacteria,Chromatiales,Chromatiaceae,Thiorhodococcus,Thiorhodococcus drewsii
766499,Bacteria,Proteobacteria,Alphaproteobacteria,Rhodobacterales,Rhodobacteraceae,Citreicella,Citreicella sp. 357
767817,Bacteria,Firmicutes,Clostridia,Clostridiales,Peptococcaceae,Desulfotomaculum,Desulfotomaculum gibsoniae
768671,Bacteria,Proteobacteria,Gammaproteobacteria,Chromatiales,Chromatiaceae,Thiocapsa,Thiocapsa marina
796620,Bacteria,Proteobacteria,Gammaproteobacteria,Vibrionales,Vibrionaceae,Vibrio,Vibrio caribbenthicus
857087,Bacteria,Proteobacteria,Gammaproteobacteria,Methylococcales,Methylococcaceae,Methylomonas,Methylomonas methanica
859350,Archaea,Thaumarchaeota,undef,Nitrosopumilales,Nitrosopumilaceae,Nitrosopumilus,Candidatus Nitrosopumilus salaria
859653,Bacteria,Proteobacteria,Alphaproteobacteria,undef,undef,undef,alpha proteobacterium HIMB5
860575,Bacteria,Cyanobacteria,undef,Chroococcales,undef,Cyanothece,Cyanothece sp. ATCC 51472
868595,Bacteria,Firmicutes,Clostridia,Clostridiales,Peptococcaceae,Desulfotomaculum,Desulfotomaculum carboxydivorans
868864,Bacteria,Aquificae,Aquificae,Aquificales,Desulfurobacteriaceae,Desulfurobacterium,Desulfurobacterium thermolithotrophum
869210,Bacteria,Deinococcus-Thermus,Deinococci,Thermales,Thermaceae,Marinithermus,Marinithermus hydrothermalis
869211,Bacteria,Spirochaetes,Spirochaetia,Spirochaetales,Spirochaetaceae,Spirochaeta,Spirochaeta thermophila
871585,Bacteria,Proteobacteria,Gammaproteobacteria,Pseudomonadales,Moraxellaceae,Acinetobacter,Acinetobacter calcoaceticus
876044,Bacteria,Proteobacteria,Gammaproteobacteria,undef,undef,undef,gamma proteobacterium IMCC3088
879212,Bacteria,Proteobacteria,Deltaproteobacteria,Desulfobacterales,Desulfobacteraceae,Desulfobacter,Desulfobacter postgatei
880070,Bacteria,Bacteroidetes,Cytophagia,Cytophagales,Cyclobacteriaceae,Cyclobacterium,Cyclobacterium marinum
880071,Bacteria,Bacteroidetes,Cytophagia,Cytophagales,Cytophagaceae,Flexibacter,Flexibacter litoralis
880073,Bacteria,undef,undef,undef,undef,Caldithrix,Caldithrix abyssi
882083,Bacteria,Actinobacteria,Actinobacteria,Actinomycetales,Pseudonocardiaceae,Saccharomonospora,Saccharomonospora marina
886377,Bacteria,Bacteroidetes,Flavobacteriia,Flavobacteriales,Flavobacteriaceae,Muricauda,Muricauda ruestringensis
888827,Bacteria,Proteobacteria,Epsilonproteobacteria,Campylobacterales,Campylobacteraceae,Arcobacter,Arcobacter butzleri
903510,Bacteria,Proteobacteria,Gammaproteobacteria,Vibrionales,Vibrionaceae,Vibrio,Vibrio furnissii
913865,Bacteria,Firmicutes,Clostridia,Clostridiales,Peptococcaceae,Desulfosporosinus,Desulfosporosinus sp. OT
926556,Bacteria,Bacteroidetes,Cytophagia,Cytophagales,Cyclobacteriaceae,Echinicola,Echinicola vietnamensis
930169,Bacteria,Proteobacteria,Gammaproteobacteria,Oceanospirillales,Alcanivoracaceae,Alcanivorax,Alcanivorax dieselolei
933115,Bacteria,Firmicutes,Bacilli,Bacillales,Planococcaceae,Planococcus,Planococcus donghaensis
938624,Bacteria,Proteobacteria,Alphaproteobacteria,undef,undef,undef,alpha proteobacterium SCGC AAA027-C06
938665,Bacteria,Proteobacteria,Alphaproteobacteria,undef,undef,undef,alpha proteobacterium SCGC AAA280-P20
939857,Bacteria,Marinimicrobia,undef,undef,undef,undef,Marinimicrobia bacterium SCGC AAA298-D23
944546,Bacteria,Proteobacteria,Epsilonproteobacteria,Campylobacterales,Campylobacteraceae,Arcobacter,Arcobacter butzleri
944547,Bacteria,Proteobacteria,Epsilonproteobacteria,Campylobacterales,Campylobacteraceae,Arcobacter,Arcobacter sp. L
945543,Bacteria,Proteobacteria,Gammaproteobacteria,Vibrionales,Vibrionaceae,Vibrio,Vibrio brasiliensis
981384,Bacteria,Proteobacteria,Alphaproteobacteria,Rhodobacterales,Rhodobacteraceae,Ruegeria,Ruegeria conchae
983544,Bacteria,Bacteroidetes,Flavobacteriia,Flavobacteriales,Flavobacteriaceae,Lacinutrix,Lacinutrix sp. 5H-3-7-4
984262,Bacteria,Bacteroidetes,Sphingobacteriia,Sphingobacteriales,Saprospiraceae,Saprospira,Saprospira grandis
990998,Bacteria,Proteobacteria,Gammaproteobacteria,Vibrionales,Vibrionaceae,Vibrio,Vibrio ordalii
996285,Bacteria,Proteobacteria,Gammaproteobacteria,Pseudomonadales,Pseudomonadaceae,Pseudomonas,Pseudomonas stutzeri
999543,Bacteria,Actinobacteria,Actinobacteria,Actinomycetales,Micromonosporaceae,Salinispora,Salinispora pacifica
999544,Bacteria,Actinobacteria,Actinobacteria,Actinomycetales,Micromonosporaceae,Salinispora,Salinispora pacifica
999545,Bacteria,Actinobacteria,Actinobacteria,Actinomycetales,Micromonosporaceae,Salinispora,Salinispora pacifica
999546,Bacteria,Actinobacteria,Actinobacteria,Actinomycetales,Micromonosporaceae,Salinispora,Salinispora arenicola
1001530,Bacteria,Proteobacteria,Gammaproteobacteria,Vibrionales,Vibrionaceae,Photobacterium,Photobacterium leiognathi
1002339,Bacteria,Proteobacteria,Gammaproteobacteria,Pseudomonadales,Moraxellaceae,Psychrobacter,Psychrobacter sp. 1501(2011)
1002672,Bacteria,Proteobacteria,Alphaproteobacteria,undef,undef,Candidatus Pelagibacter,Candidatus Pelagibacter sp. IMCC9063
1004785,Bacteria,Proteobacteria,Gammaproteobacteria,Alteromonadales,Alteromonadaceae,Alteromonas,Alteromonas macleodii
1004786,Bacteria,Proteobacteria,Gammaproteobacteria,Alteromonadales,Alteromonadaceae,Alteromonas,Alteromonas macleodii
1004787,Bacteria,Proteobacteria,Gammaproteobacteria,Alteromonadales,Alteromonadaceae,Alteromonas,Alteromonas macleodii
1007104,Bacteria,Proteobacteria,Alphaproteobacteria,Sphingomonadales,Sphingomonadaceae,Sphingomonas,Sphingomonas sp. S17
1007105,Bacteria,Proteobacteria,Betaproteobacteria,Burkholderiales,Alcaligenaceae,Pusillimonas,Pusillimonas sp. T7-7
1007122,Bacteria,Marinimicrobia,undef,undef,undef,undef,Marinimicrobia bacterium SCGC AAA160-C11
1007123,Bacteria,Marinimicrobia,undef,undef,undef,undef,Marinimicrobia bacterium SCGC AAA160-I06
1009412,Bacteria,Bacteroidetes,Flavobacteriia,Flavobacteriales,Flavobacteriaceae,Flavobacterium,Flavobacterium sp. SCGC AAA160-P02
1026882,Bacteria,Proteobacteria,Gammaproteobacteria,Thiotrichales,Piscirickettsiaceae,Methylophaga,Methylophaga aminisulfidivorans
1031709,Bacteria,Actinobacteria,Actinobacteria,Actinomycetales,Propionibacteriaceae,Propionibacterium,Propionibacterium acnes
1033802,Bacteria,Proteobacteria,Gammaproteobacteria,Salinisphaerales,Salinisphaeraceae,Salinisphaera,Salinisphaera shabanensis
1033810,Bacteria,undef,undef,Haloplasmatales,Haloplasmataceae,Haloplasma,Haloplasma contractile
1042376,Bacteria,Bacteroidetes,Flavobacteriia,Flavobacteriales,Flavobacteriaceae,undef,Flavobacteriaceae bacterium S85
1046627,Bacteria,Bacteroidetes,Flavobacteriia,Flavobacteriales,Flavobacteriaceae,Bizionia,Bizionia argentinensis
1050198,Bacteria,Actinobacteria,Actinobacteria,Actinomycetales,Micromonosporaceae,Salinispora,Salinispora pacifica
1050199,Bacteria,Actinobacteria,Actinobacteria,Actinomycetales,Micromonosporaceae,Salinispora,Salinispora pacifica
1050720,Bacteria,Proteobacteria,Alphaproteobacteria,Rhizobiales,Rhizobiaceae,Agrobacterium,Agrobacterium tumefaciens
1051646,Bacteria,Proteobacteria,Gammaproteobacteria,Vibrionales,Vibrionaceae,Vibrio,Vibrio tubiashii
1081644,Bacteria,Actinobacteria,Actinobacteria,Actinomycetales,Microbacteriaceae,Candidatus Aquiluna,Candidatus Aquiluna sp. IMCC13023
1082931,Bacteria,Proteobacteria,Alphaproteobacteria,Rhizobiales,Hyphomicrobiaceae,Pelagibacterium,Pelagibacterium halotolerans
1085623,Bacteria,Proteobacteria,Gammaproteobacteria,Alteromonadales,Alteromonadaceae,Glaciecola,Glaciecola nitratireducens
1089550,Bacteria,Bacteroidetes,undef,Bacteroidetes Order II. Incertae sedis,Rhodothermaceae,Salisaeta,Salisaeta longa
1094979,Bacteria,Proteobacteria,Gammaproteobacteria,Alteromonadales,Alteromonadaceae,Marinobacter,Marinobacter manganoxydans
1116375,Bacteria,Proteobacteria,Gammaproteobacteria,Vibrionales,Vibrionaceae,Vibrio,Vibrio sp. EJY3
1117647,Bacteria,Proteobacteria,Gammaproteobacteria,undef,undef,Simiduia,Simiduia agarivorans
1120963,Bacteria,Proteobacteria,Gammaproteobacteria,Alteromonadales,Pseudoalteromonadaceae,Algicola,Algicola sagamiensis
1121027,Bacteria,Proteobacteria,Alphaproteobacteria,Rhizobiales,Aurantimonadaceae,Aurantimonas,Aurantimonas coralicida
1121451,Bacteria,Proteobacteria,Deltaproteobacteria,Desulfovibrionales,Desulfovibrionaceae,Desulfovibrio,Desulfovibrio hydrothermalis
1121859,Bacteria,Bacteroidetes,Cytophagia,Cytophagales,Cyclobacteriaceae,Echinicola,Echinicola pacifica
1121862,Bacteria,Proteobacteria,Gammaproteobacteria,Oceanospirillales,Hahellaceae,Endozoicomonas,Endozoicomonas elysicola
1121875,Bacteria,Bacteroidetes,Flavobacteriia,Flavobacteriales,Flavobacteriaceae,Eudoraea,Eudoraea adriatica
1121876,Bacteria,Proteobacteria,Gammaproteobacteria,Thiotrichales,undef,Fangia,Fangia hongkongensis
1121904,Bacteria,Bacteroidetes,Cytophagia,Cytophagales,Flammeovirgaceae,Flexithrix,Flexithrix dorotheae
1121918,Bacteria,Proteobacteria,Deltaproteobacteria,Desulfuromonadales,Geobacteraceae,Geopsychrobacter,Geopsychrobacter electrodiphilus
1121921,Bacteria,Proteobacteria,Gammaproteobacteria,Alteromonadales,undef,Gilvimarinus,Gilvimarinus chinensis
1121922,Bacteria,Proteobacteria,Gammaproteobacteria,Alteromonadales,Alteromonadaceae,Glaciecola,Glaciecola pallidula
1121930,Bacteria,Bacteroidetes,Sphingobacteriia,Sphingobacteriales,undef,Gracilimonas,Gracilimonas tropica
1121949,Bacteria,Proteobacteria,Alphaproteobacteria,Rhodobacterales,Hyphomonadaceae,Henriciella,Henriciella marina
1122134,Bacteria,Proteobacteria,Gammaproteobacteria,Oceanospirillales,Alcanivoracaceae,Kangiella,Kangiella aquimarina
1122137,Bacteria,Proteobacteria,Alphaproteobacteria,Kordiimonadales,Kordiimonadaceae,Kordiimonas,Kordiimonas gwangyangensis
1122176,Bacteria,Bacteroidetes,Sphingobacteriia,Sphingobacteriales,Saprospiraceae,Lewinella,Lewinella cohaerens
1122197,Bacteria,Proteobacteria,Gammaproteobacteria,Alteromonadales,Alteromonadaceae,Marinobacter,Marinobacter daepoensis
1122613,Bacteria,Proteobacteria,Alphaproteobacteria,Rhodobacterales,Hyphomonadaceae,Oceanicaulis,Oceanicaulis alexandrii
1122927,Bacteria,Firmicutes,Bacilli,Bacillales,Paenibacillaceae,Paenibacillus,Paenibacillus terrigena
1123027,Bacteria,Proteobacteria,Alphaproteobacteria,Rhodobacterales,Rhodobacteraceae,Pseudorhodobacter,Pseudorhodobacter ferrugineus
1123059,Bacteria,Proteobacteria,Alphaproteobacteria,Rhodobacterales,Hyphomonadaceae,Robiginitomaculum,Robiginitomaculum antarcticum
1123070,Bacteria,Verrucomicrobia,Verrucomicrobiae,Verrucomicrobiales,Verrucomicrobiaceae,Rubritalea,Rubritalea marina
1123244,Bacteria,Actinobacteria,Actinobacteria,Actinomycetales,Pseudonocardiaceae,Sciscionella,Sciscionella marina
1123251,Bacteria,Actinobacteria,Actinobacteria,Actinomycetales,Intrasporangiaceae,Serinicoccus,Serinicoccus marinus
1123270,Bacteria,Proteobacteria,Alphaproteobacteria,Sphingomonadales,Sphingomonadaceae,Sphingopyxis,Sphingopyxis baekryungensis
1123365,Bacteria,Proteobacteria,Alphaproteobacteria,Rhodospirillales,Rhodospirillaceae,Thalassospira,Thalassospira lucentensis
1123519,Bacteria,Proteobacteria,Gammaproteobacteria,Pseudomonadales,Pseudomonadaceae,Pseudomonas,Pseudomonas stutzeri
1125975,Bacteria,Firmicutes,Clostridia,Thermoanaerobacterales,Thermoanaerobacteraceae,Thermoanaerobacter,Thermoanaerobacter indiensis
1193729,Bacteria,Proteobacteria,Alphaproteobacteria,Rhodospirillales,Rhodospirillaceae,Candidatus Endolissoclinum,Candidatus Endolissoclinum faulkneri
1196835,Bacteria,Proteobacteria,Gammaproteobacteria,Pseudomonadales,Pseudomonadaceae,Pseudomonas,Pseudomonas stutzeri
1202962,Bacteria,Proteobacteria,Gammaproteobacteria,Alteromonadales,Moritellaceae,Moritella,Moritella marina
1231190,Bacteria,Proteobacteria,Alphaproteobacteria,Rhizobiales,Phyllobacteriaceae,Nitratireductor,Nitratireductor indicus
1265505,Bacteria,Proteobacteria,Deltaproteobacteria,Desulfobacterales,Desulfobacteraceae,Desulfospira,Desulfospira joergensenii
1279016,Bacteria,Proteobacteria,Gammaproteobacteria,Alteromonadales,Pseudoalteromonadaceae,Pseudoalteromonas,Pseudoalteromonas piscicida
10699,Viruses,undef,undef,Caudovirales,Siphoviridae,undef,undef
115992,Viruses,undef,undef,Caudovirales,Myoviridae,Schizot4likevirus,Vibrio phage nt-1
181210,Viruses,undef,undef,undef,Phycodnaviridae,Coccolithovirus,Emiliania huxleyi virus 201
181211,Viruses,undef,undef,undef,Phycodnaviridae,Coccolithovirus,Emiliania huxleyi virus 202
181212,Viruses,undef,undef,undef,Phycodnaviridae,Coccolithovirus,Emiliania huxleyi virus 203
181214,Viruses,undef,undef,undef,Phycodnaviridae,Coccolithovirus,Emiliania huxleyi virus 207
181215,Viruses,undef,undef,undef,Phycodnaviridae,Coccolithovirus,Emiliania huxleyi virus 208
181216,Viruses,undef,undef,undef,Phycodnaviridae,Coccolithovirus,Emiliania huxleyi virus 84
181217,Viruses,undef,undef,undef,Phycodnaviridae,Coccolithovirus,Emiliania huxleyi virus 88
351708,Viruses,undef,undef,Caudovirales,Myoviridae,undef,Synechococcus phage S-CBM2
373997,Viruses,undef,undef,undef,Phycodnaviridae,Prasinovirus,Micromonas pusilla virus SP1 sensu lato
382262,Viruses,undef,undef,undef,undef,undef,Prochlorococcus phage P-GSP1
382273,Viruses,undef,undef,undef,undef,undef,Prochlorococcus phage P-SSP3
382275,Viruses,undef,undef,Caudovirales,Podoviridae,undef,Cyanophage 9515-10a
444859,Viruses,undef,undef,Caudovirales,Myoviridae,undef,Synechococcus phage S-SM1
444860,Viruses,undef,undef,Caudovirales,Myoviridae,undef,Synechococcus phage S-SM2
444861,Viruses,undef,undef,Caudovirales,undef,undef,Prochlorococcus phage Syn1
444862,Viruses,undef,undef,Caudovirales,Myoviridae,undef,Prochlorococcus phage P-RSM4
444875,Viruses,undef,undef,Caudovirales,Podoviridae,undef,Cyanophage 9515-10a
444876,Viruses,undef,undef,Caudovirales,undef,undef,Cyanophage P-SSP2
444878,Viruses,undef,undef,Caudovirales,undef,undef,Prochlorococcus phage Syn33
445683,Viruses,undef,undef,Caudovirales,Myoviridae,undef,Synechococcus phage S-ShM2
445684,Viruses,undef,undef,Caudovirales,Myoviridae,undef,Synechococcus phage Syn19
445685,Viruses,undef,undef,Caudovirales,Myoviridae,undef,Synechococcus phage S-SSM5
445686,Viruses,undef,undef,Caudovirales,Myoviridae,undef,Synechococcus phage S-SSM7
445688,Viruses,undef,undef,Caudovirales,Myoviridae,undef,Prochlorococcus phage P-SSM7
445692,Viruses,undef,undef,Caudovirales,Podoviridae,undef,Cyanophage NATL2A-133
445693,Viruses,undef,undef,Caudovirales,Podoviridae,undef,Cyanophage NATL1A-7
445696,Viruses,undef,undef,Caudovirales,Myoviridae,undef,Prochlorococcus phage P-HM2
445700,Viruses,undef,undef,Caudovirales,Myoviridae,undef,Prochlorococcus phage P-HM1
461711,Viruses,undef,undef,Caudovirales,Podoviridae,undef,Synechococcus phage S-CBP42
536444,Viruses,undef,undef,Caudovirales,Myoviridae,undef,Cyanophage P-RSM1
536446,Viruses,undef,undef,Caudovirales,Myoviridae,T4likevirus,Prochlorococcus phage P-SSM4
536453,Viruses,undef,undef,Caudovirales,Myoviridae,undef,Prochlorococcus phage P-SSM3
536454,Viruses,undef,undef,Caudovirales,Myoviridae,T4likevirus,Prochlorococcus phage P-SSM2
536464,Viruses,undef,undef,Caudovirales,Myoviridae,undef,Synechococcus phage S-ShM2
536472,Viruses,undef,undef,Caudovirales,Myoviridae,T4likevirus,Synechococcus phage syn9
536473,Viruses,undef,undef,Caudovirales,Myoviridae,undef,Synechococcus phage Syn19
536474,Viruses,undef,undef,undef,undef,undef,Cyanophage Syn30
573171,Viruses,undef,undef,undef,undef,undef,Vibrio phage douglas 12A4
573172,Viruses,undef,undef,undef,undef,undef,Vibrio phage eugene 12A10
573173,Viruses,undef,undef,undef,undef,undef,Vibrio phage helene 12B3
573174,Viruses,undef,undef,undef,undef,undef,Vibrio phage henriette 12B8
573175,Viruses,undef,undef,undef,undef,undef,Vibrio phage martha 12B12
573176,Viruses,undef,undef,undef,undef,undef,Vibrio phage jenny 12G5
616670,Viruses,undef,undef,undef,undef,undef,Cyanophage 8018-8
616674,Viruses,undef,undef,Caudovirales,undef,undef,Cyanophage SS120-1
682650,Viruses,undef,undef,Caudovirales,Myoviridae,undef,Synechococcus phage S-SSM7
687800,Viruses,undef,undef,Caudovirales,Myoviridae,undef,Synechococcus phage S-RIM2
754037,Viruses,undef,undef,Caudovirales,Myoviridae,undef,Synechococcus phage S-CAM1
754038,Viruses,undef,undef,Caudovirales,Myoviridae,undef,Synechococcus phage S-CAM8
754039,Viruses,undef,undef,Caudovirales,Myoviridae,undef,Synechococcus phage S-IOM18
754040,Viruses,undef,undef,Caudovirales,Podoviridae,undef,Synechococcus phage S-RIP2
754041,Viruses,undef,undef,Caudovirales,Podoviridae,undef,Synechococcus phage S-RIP1
754042,Viruses,undef,undef,Caudovirales,Siphoviridae,undef,Synechococcus phage S-SKS1
754043,Viruses,undef,undef,undef,undef,undef,Sulfitobacter phage pCB2047-C
754044,Viruses,undef,undef,undef,undef,undef,Loktanella phage pCB2051-A
754045,Viruses,undef,undef,undef,undef,undef,Sulfitobacter phage pCB2047-A
754046,Viruses,undef,undef,undef,undef,undef,Sulfitobacter phage pCB2047-B
754047,Viruses,undef,undef,undef,undef,undef,Rhodobacter phage RcNL1
754048,Viruses,undef,undef,Caudovirales,Myoviridae,undef,Psychrobacter phage pOW20-A
754049,Viruses,undef,undef,undef,undef,undef,Vibrio phage pYD21-A
754050,Viruses,undef,undef,undef,undef,undef,Vibrio phage pYD38-A
754051,Viruses,undef,undef,undef,undef,undef,Vibrio phage pYD38-A
754052,Viruses,undef,undef,Caudovirales,Podoviridae,N4likevirus,Pseudoalteromonas phage pYD6-A
754053,Viruses,undef,undef,Caudovirales,Siphoviridae,undef,Paenibacillus phage PG1
754054,Viruses,undef,undef,undef,undef,undef,Rhizobium phage RR1
754055,Viruses,undef,undef,Caudovirales,Siphoviridae,undef,Rhodobacter phage RC1
754056,Viruses,undef,undef,undef,undef,undef,Rhodovulum phage RS1
754057,Viruses,undef,undef,undef,undef,undef,Vibrio phage VD1
754058,Viruses,undef,undef,undef,undef,undef,Vibrio phage PWH3a-P1
754059,Viruses,undef,undef,Caudovirales,Podoviridae,undef,Synechococcus phage S-CBP4
754060,Viruses,undef,undef,undef,undef,undef,Silicibacter phage DSS3-P1
754062,Viruses,undef,undef,undef,undef,undef,Ostreococcus lucimarinus virus OlV3
754063,Viruses,undef,undef,undef,undef,undef,Ostreococcus lucimarinus virus OlV4
754064,Viruses,undef,undef,undef,undef,undef,Ostreococcus lucimarinus virus OlV5
754065,Viruses,undef,undef,undef,undef,undef,Ostreococcus lucimarinus virus OlV6
754066,Viruses,undef,undef,undef,undef,undef,Halorubrum phage CGphi46
754067,Viruses,undef,undef,undef,undef,undef,Salicola phage CGphi29
754068,Viruses,undef,undef,undef,undef,undef,Emiliania huxleyi virus PS401
754069,Viruses,undef,undef,undef,undef,undef,Dunaliella viridis virus SI2
754070,Viruses,undef,undef,undef,undef,undef,Tetraselmis viridis virus S20
754071,Viruses,undef,undef,undef,undef,undef,Tetraselmis viridis virus SI1
754072,Viruses,undef,undef,Caudovirales,Podoviridae,N4likevirus,Vibrio phage VBP32
754073,Viruses,undef,undef,Caudovirales,Podoviridae,N4likevirus,Vibrio phage VBP47
754074,Viruses,undef,undef,undef,undef,undef,Vibrio phage VBM1
754075,Viruses,undef,undef,Caudovirales,Myoviridae,undef,Vibrio phage 11895-B1
754076,Viruses,undef,undef,undef,undef,undef,Vibrio phage VBpm10
755272,Viruses,undef,undef,undef,undef,undef,Micromonas pusilla virus 12T
755273,Viruses,undef,undef,undef,undef,undef,Phaeocystis globosa virus 12T
755274,Viruses,undef,undef,undef,undef,undef,Phaeocystis globosa virus 14T
756275,Viruses,undef,undef,Caudovirales,Siphoviridae,undef,Synechococcus phage S-CBS4
756276,Viruses,undef,undef,undef,undef,undef,Synechococcus phage S-CBP3
756277,Viruses,undef,undef,undef,undef,undef,Synechococcus phage S-CBP2
756278,Viruses,undef,undef,Caudovirales,Myoviridae,undef,Synechococcus phage S-RIM8
756279,Viruses,undef,undef,Caudovirales,Myoviridae,undef,Cellulophaga phage phiSM
756280,Viruses,undef,undef,Caudovirales,Myoviridae,undef,Cellulophaga phage phiSM
756281,Viruses,undef,undef,Caudovirales,Myoviridae,undef,Cellulophaga phage phiSM
756282,Viruses,undef,undef,Caudovirales,Siphoviridae,undef,Cellulophaga phage phiST
756283,Viruses,undef,undef,undef,undef,undef,Prochlorococcus phage P-RSP2
756284,Viruses,undef,undef,undef,undef,undef,Tetraselmis viridis virus N1
756285,Viruses,undef,undef,undef,undef,undef,Tetraselmis viridis virus S1
765765,Viruses,undef,undef,Caudovirales,Siphoviridae,undef,Colwellia phage 9A
889949,Viruses,undef,undef,undef,undef,undef,Methylophilales phage HIM624-A
889950,Viruses,undef,undef,Caudovirales,Myoviridae,undef,Synechococcus phage KBS-M-1A
889951,Viruses,undef,undef,undef,undef,undef,Cyanophage KBS-P-1A
889952,Viruses,undef,undef,undef,undef,undef,Cyanophage KBS-S-1A
889953,Viruses,undef,undef,undef,undef,undef,Cyanophage KBS-S-2A
889954,Viruses,undef,undef,undef,undef,undef,Cyanophage MED4-117
889955,Viruses,undef,undef,Caudovirales,Myoviridae,undef,Prochlorococcus phage MED4-184
889956,Viruses,undef,undef,Caudovirales,Myoviridae,undef,Prochlorococcus phage MED4-213
889957,Viruses,undef,undef,undef,undef,undef,Cyanophage P-SS1
889958,Viruses,undef,undef,undef,undef,undef,Cyanophage P-RSP3
889959,Viruses,undef,undef,undef,undef,undef,Halorubrum phage GNf2
